{"cameraMode":{"drawMode":0,"name":"Shaded","section":"Shading Mode"},"sceneLighting":true,"audioPlay":false,"sceneViewState":{"showFog":true,"showMaterialUpdate":false,"showSkybox":true,"showFlares":true,"showImageEffects":true,"showParticleSystems":true},"in2DMode":false,"pivot":{"x":-9.313225746154786e-10,"y":-3.725290298461914e-9,"z":0.0},"rotation":{"x":-0.06714310497045517,"y":0.8124068975448608,"z":-0.09549201279878617,"w":-0.571307897567749},"size":0.04310154914855957,"orthographic":true}