{"cameraMode":{"drawMode":0,"name":"Shaded","section":"Shading Mode"},"sceneLighting":true,"audioPlay":false,"sceneViewState":{"showFog":true,"showMaterialUpdate":false,"showSkybox":true,"showFlares":true,"showImageEffects":true,"showParticleSystems":true},"in2DMode":false,"pivot":{"x":0.3807295560836792,"y":0.6439887881278992,"z":0.07910788059234619},"rotation":{"x":0.1630348414182663,"y":0.6221604347229004,"z":-0.13456663489341737,"w":0.7538295388221741},"size":2.1741416454315187,"orthographic":true}