{"cameraMode":{"drawMode":0,"name":"Shaded","section":"Shading Mode"},"sceneLighting":true,"audioPlay":false,"sceneViewState":{"showFog":true,"showMaterialUpdate":false,"showSkybox":true,"showFlares":true,"showImageEffects":true,"showParticleSystems":true},"in2DMode":false,"pivot":{"x":1.6790001392364503,"y":-0.033999964594841,"z":0.18364876508712769},"rotation":{"x":0.2078547179698944,"y":-0.07474783807992935,"z":0.01593598909676075,"w":0.9751919507980347},"size":3.190559148788452,"orthographic":true}