{"cameraMode":{"drawMode":0,"name":"Shaded","section":"Shading Mode"},"sceneLighting":true,"audioPlay":false,"sceneViewState":{"showFog":true,"showMaterialUpdate":false,"showSkybox":true,"showFlares":true,"showImageEffects":true,"showParticleSystems":true},"in2DMode":false,"pivot":{"x":0.0679931640625,"y":0.6370849609375,"z":0.05987548828125},"rotation":{"x":0.08603906631469727,"y":-0.22805894911289216,"z":0.020232344046235086,"w":0.9696415066719055},"size":4.17333984375,"orthographic":true}