{"cameraMode":{"drawMode":0,"name":"Shaded","section":"Shading Mode"},"sceneLighting":true,"audioPlay":false,"sceneViewState":{"showFog":true,"showMaterialUpdate":false,"showSkybox":true,"showFlares":true,"showImageEffects":true,"showParticleSystems":true},"in2DMode":false,"pivot":{"x":-0.5183148384094238,"y":2.3635687828063967,"z":1.5984182357788087},"rotation":{"x":0.1268487125635147,"y":-0.26441118121147158,"z":0.03510643541812897,"w":0.9553872346878052},"size":13.429183006286621,"orthographic":false}