{"cameraMode":{"drawMode":0,"name":"Shaded","section":"Shading Mode"},"sceneLighting":true,"audioPlay":false,"sceneViewState":{"showFog":true,"showMaterialUpdate":false,"showSkybox":true,"showFlares":true,"showImageEffects":true,"showParticleSystems":true},"in2DMode":false,"pivot":{"x":0.16988980770111085,"y":2.7446112632751467,"z":0.7582449913024902},"rotation":{"x":0.1375579982995987,"y":-0.7310559749603272,"z":0.1546729952096939,"w":0.6501625776290894},"size":10.922819137573243,"orthographic":true}