{"cameraMode":{"drawMode":0,"name":"Shaded","section":"Shading Mode"},"sceneLighting":true,"audioPlay":false,"sceneViewState":{"showFog":true,"showMaterialUpdate":false,"showSkybox":true,"showFlares":true,"showImageEffects":true,"showParticleSystems":true},"in2DMode":false,"pivot":{"x":1.6080000400543213,"y":0.8578299283981323,"z":8.361000061035157},"rotation":{"x":0.09568871557712555,"y":-0.058197420090436938,"z":0.005604206118732691,"w":0.9936939477920532},"size":2.4198966026306154,"orthographic":true}