{"cameraMode":{"drawMode":0,"name":"Shaded","section":"Shading Mode"},"sceneLighting":true,"audioPlay":false,"sceneViewState":{"showFog":true,"showMaterialUpdate":false,"showSkybox":true,"showFlares":true,"showImageEffects":true,"showParticleSystems":true},"in2DMode":false,"pivot":{"x":0.0,"y":1.7200000286102296,"z":-1.7999999523162842},"rotation":{"x":0.10419858992099762,"y":-0.10719922184944153,"z":0.011298319324851036,"w":0.9887158870697022},"size":3.4878480434417726,"orthographic":true}